{
  "cpu_hours": 0.0006338836788215435,
  "gpu_hours": 0,
  "memory_gb_hours": 0.003930265521696597,
  "total_wall_time_seconds": 5,
  "cpu_efficiency_percent": 45.63962487515113,
  "memory_efficiency_percent": 70.74477939053874,
  "gpu_efficiency_percent": 0
}