{
  "plddt_per_residue": [
    83.53147165934362,
    43.49493343205924,
    76.90782622339042,
    46.54571455414819,
    65.81967102002936,
    81.71024729091015,
    88.91371261606804,
    81.65993856130312,
    46.9379762930939,
    58.44184731776165
  ],
  "plddt_histogram": {
    "very_high": 0,
    "high": 5,
    "medium": 2,
    "low": 3
  },
  "pae_matrix": [
    [
      4.612138521366394,
      0,
      3.533402866856491,
      1.9646887512101245,
      2.681551747364703,
      1.294476334848943,
      2.9600995096161675,
      3.0001184124374682,
      2.223261263412989,
      3.179084093454467
    ],
    [
      0.21668670637288723,
      0.9404408766402992,
      1.9628115767163086,
      0,
      3.860285336890791,
      0,
      0,
      2.3476534191661087,
      0.5286740592129406,
      0
    ],
    [
      3.4311953957288264,
      5.93676562711443,
      1.0786846806472559,
      0.44904501306703226,
      1.128049376589883,
      2.428110418453993,
      4.539774023961696,
      0.5292641859355409,
      0.09558187065063928,
      1.2546033316415408
    ],
    [
      1.981521270865159,
      4.073078113956828,
      0.48835129520730547,
      2.153857758050634,
      1.447029773235103,
      2.8539301354099496,
      2.5874776799717503,
      1.4241198431072268,
      0,
      0.9889428610034916
    ],
    [
      0,
      0,
      1.1786306118636989,
      4.062929136367329,
      3.851919002473255,
      4.0534536399903125,
      2.8855408750140787,
      1.114653312337736,
      4.265085184066875,
      0
    ],
    [
      3.6891687307611707,
      3.3228641150511526,
      0.2579598047871101,
      1.3647131609420793,
      4.069480790767065,
      2.9915611791125922,
      1.1519344702083414,
      0,
      0.0527499970671661,
      0.7457105790561578
    ],
    [
      1.8155912867389927,
      3.4331045808386813,
      2.138738065391944,
      3.6452560732501285,
      4.517898119345075,
      1.9615678902191211,
      5.693157854883991,
      0,
      1.574469673830937,
      2.9576149909022242
    ],
    [
      0,
      4.444260159501869,
      1.0477818851497187,
      0,
      1.4321666454517095,
      1.647098873731136,
      0.25929911565364394,
      1.8462591009165026,
      0.47340248292672915,
      0
    ],
    [
      0,
      0,
      4.509953780178472,
      5.6870427924264195,
      0,
      3.0909735894352353,
      1.069966522436088,
      2.0763711470532655,
      0,
      3.3343536570194563
    ],
    [
      1.4116863097120487,
      0.26109030578707193,
      7.040325654826329,
      2.723465097475496,
      6.497358020577431,
      4.688370459633412,
      4.251646116323966,
      1.1907381420278602,
      8.037298371465898,
      0
    ]
  ],
  "mean_pae": 2.0799141748514236,
  "plddt_mean": 67.39633389681077
}