{
  "plddt_per_residue": [
    95,
    76.92761500485922,
    62.11909769949989,
    46.85565563645531,
    84.46603374076054,
    74.41115660729729,
    57.54074482819901,
    78.11879525869536,
    92.10519415886748,
    64.23667105152097
  ],
  "plddt_histogram": {
    "very_high": 2,
    "high": 4,
    "medium": 3,
    "low": 1
  },
  "pae_matrix": [
    [
      0.2176329459811286,
      2.792890709789784,
      3.66687191219607,
      1.4570892996275304,
      3.0153771700103102,
      3.355819358583512,
      3.621182639594074,
      1.994341748638632,
      2.2839421141739753,
      4.400950282810921
    ],
    [
      0,
      1.4750961076379956,
      1.6857409320769163,
      0.4989088929867138,
      1.5552348083090552,
      2.7634335569907096,
      1.2656459920613847,
      2.1028417665851213,
      0.9548985943469988,
      0.01046349629032628
    ],
    [
      1.417480802720233,
      2.9330550873330647,
      2.3686486756627576,
      1.741346269071936,
      2.375953008609861,
      4.280854075951473,
      2.6132611167157687,
      4.6833423227789535,
      1.928638478883674,
      0
    ],
    [
      0,
      0,
      3.1255072972996527,
      1.8607859257342718,
      0.016772132338072954,
      1.4004193832989684,
      2.768973794572535,
      0.6288398979486005,
      2.5123370310524673,
      4.796632966031259
    ],
    [
      2.447420502428018,
      5.523794040706482,
      0,
      1.5682343744953056,
      4.829099467449196,
      2.121196871934973,
      6.063364060302234,
      4.178584299266149,
      2.679338065510371,
      0
    ],
    [
      1.2112994486118278,
      2.4496407917190934,
      5.657103469435773,
      0,
      6.840441619888255,
      1.7358989669056448,
      0.5906179785027548,
      0,
      0.6853323327914986,
      3.277975465027046
    ],
    [
      0,
      2.3890150577455764,
      0,
      8.104580441985652,
      0,
      0.9992437392409423,
      0,
      3.1825277867067725,
      2.9462909793667573,
      2.043151999413298
    ],
    [
      4.621655800877866,
      2.3311646743750387,
      0,
      4.573643860741714,
      4.751124563060436,
      1.977802033553376,
      1.2524292589182804,
      3.477142637721858,
      3.227504603024107,
      0
    ],
    [
      2.7109873541443523,
      2.1830838709613163,
      2.530779275414422,
      2.7642921242060003,
      2.0900853619165485,
      2.1963335642987745,
      3.099708472155921,
      1.6308768602820822,
      0,
      1.9082293443182645
    ],
    [
      4.907911037191321,
      2.6829109625202174,
      3.26631625256574,
      4.93301755153291,
      1.6566344404668338,
      1.9236998381200925,
      1.7291150944722669,
      1.4977936865729595,
      2.804167253707373,
      1.4337663647938816
    ]
  ],
  "mean_pae": 2.2625753849604227,
  "plddt_mean": 73.1780963986155
}