{
  "plddt_per_residue": [
    78.8525423581941,
    42.022043049414606,
    80.4076618742606,
    55.871705989092945,
    41.500970103756536,
    73.10284069718395,
    42.367322076217484,
    72.59589171216628,
    77.34921423493006,
    54.34548419329911
  ],
  "plddt_histogram": {
    "very_high": 0,
    "high": 5,
    "medium": 2,
    "low": 3
  },
  "pae_matrix": [
    [
      1.4291194625821855,
      0,
      3.0803097363599337,
      4.116393654156233,
      0,
      1.047398775157551,
      2.495025247487619,
      0.2903785699268693,
      1.2526598562872893,
      4.030696673955546
    ],
    [
      1.2394696903936966,
      4.302679085375086,
      2.5226477416849957,
      0.9124865693576125,
      3.7252958541266787,
      3.4631079903420767,
      5.79608082588272,
      0,
      0.07274394665410311,
      3.3300036671251654
    ],
    [
      1.1346707001558847,
      0.8314156033874482,
      1.8869017766539808,
      0.45543464128510824,
      1.154130405364472,
      3.130371279719118,
      1.532010468880899,
      0.4273410541150282,
      1.7111893110217369,
      0
    ],
    [
      1.5596311168265546,
      1.8183649378131999,
      0.19368926273326803,
      4.429967303369079,
      1.4636166877827246,
      0.5141830576965718,
      0,
      2.409152244440176,
      1.9170838569171353,
      0.7865714665097565
    ],
    [
      5.279887982463675,
      1.5812344726080214,
      2.0763703541373113,
      4.152081361034853,
      2.342399228127924,
      3.4994956181982078,
      0,
      0,
      0,
      0
    ],
    [
      1.3916853608570476,
      3.2799391157446265,
      5.482239283944514,
      2.7926274789279972,
      4.87230615323811,
      1.825422825443571,
      1.6926517139100947,
      0,
      1.8419865500818406,
      0
    ],
    [
      1.3949684139534382,
      3.2453259623816457,
      3.069861268714582,
      5.582255064425068,
      3.319361456941966,
      1.5546475426116224,
      3.4709958828926233,
      5.227610258204768,
      1.075622762250601,
      6.069743292526509
    ],
    [
      3.1926076749127095,
      2.1482410077094416,
      4.115644310879762,
      2.9726589487172927,
      0.11361442778344699,
      3.389321301743508,
      1.636411124516237,
      0.6000406636961448,
      3.0723756016011237,
      2.289160889396465
    ],
    [
      2.5368595303711095,
      3.0153883455393284,
      3.729622558961256,
      2.9753827364343937,
      0.3877230207243081,
      5.738852978470204,
      0,
      1.1114923179704526,
      5.533280514290573,
      0.8211497799686986
    ],
    [
      3.1943974836378066,
      3.2812952460541074,
      1.6646905842943855,
      1.153203636170756,
      3.829207654076135,
      1.238959913784819,
      0,
      0,
      0.7831407124870393,
      1.7339988211123205
    ]
  ],
  "mean_pae": 2.1284166371045194,
  "plddt_mean": 61.84156762885156
}