{
  "plddt_per_residue": [
    95,
    65.77681061582527,
    76.05990801301097,
    87.41635371501165,
    80.20435540913161,
    66.95439855821886,
    65.70948796869885,
    76.10147219268713,
    57.16263788569103,
    61.783786165085246
  ],
  "plddt_histogram": {
    "very_high": 1,
    "high": 4,
    "medium": 5,
    "low": 0
  },
  "pae_matrix": [
    [
      0,
      1.0003168552074244,
      2.5523179642209093,
      1.5263924899863195,
      1.7544188540643735,
      1.8851610129414733,
      2.2560358873469544,
      2.024789697790253,
      3.7192885508246563,
      2.7995769665081434
    ],
    [
      4.454644055927419,
      1.011562531468446,
      5.550349176612842,
      2.6107250777331883,
      1.6719830157196531,
      0,
      6.876931881838674,
      2.4387975107987505,
      2.8152460074041215,
      2.079003868207511
    ],
    [
      0.19179457770421915,
      1.1611671775459174,
      2.7963307442489955,
      3.257796981829876,
      2.7063893704378987,
      3.3753380464975056,
      3.2583266979551997,
      2.6660580371667004,
      4.816627093093658,
      2.404820789353433
    ],
    [
      1.2195154662264711,
      3.3388027709853443,
      1.9269256587906547,
      4.055723640082713,
      2.424402829308787,
      3.174072421354732,
      1.281624897527598,
      3.9050723842768624,
      4.608957404410758,
      7.358563257659764
    ],
    [
      2.703499725796384,
      4.323879705183986,
      0.513913939193543,
      6.760698438112831,
      0.7812875996691628,
      0,
      1.37674289158144,
      3.686804600600329,
      2.6920670413888885,
      2.645244155087461
    ],
    [
      2.745512891122459,
      0.06329646422271429,
      0,
      0,
      0,
      1.7938450171515297,
      1.2537814225236432,
      0,
      1.2739615076597641,
      1.4943368622076443
    ],
    [
      0,
      1.810899019361338,
      2.054762005400606,
      2.0116990106401365,
      6.123680438396139,
      2.821443209849045,
      0.05091157194223128,
      3.864427694828036,
      0,
      5.231290420903788
    ],
    [
      5.716931017205562,
      1.954805861386321,
      0.1295107259580468,
      1.6052148764441805,
      1.2021907677156798,
      0.4311990319665209,
      3.3551387584323824,
      3.919559479360528,
      1.4321292239580434,
      0
    ],
    [
      1.416724190672971,
      2.873515744113703,
      0,
      1.4464950265720489,
      0.6550038653945289,
      5.2682772660591475,
      2.430814100814828,
      0,
      2.6010744156942764,
      1.5278831863441937
    ],
    [
      3.94460878184507,
      1.0072728557147645,
      1.6570364733707428,
      3.077371403766461,
      1.074057057328198,
      4.218734787818267,
      5.571860867677355,
      3.239480425644574,
      2.19917696964896,
      0.3192629158306006
    ]
  ],
  "mean_pae": 2.313091673606192,
  "plddt_mean": 73.21692105233606
}