{
  "plddt_per_residue": [
    62.43487816585629,
    85.07953359679303,
    51.24258102662702,
    93.23301208097746,
    67.93951326137173,
    71.12218011606559,
    46.70518072366206
  ],
  "plddt_histogram": {
    "very_high": 1,
    "high": 2,
    "medium": 3,
    "low": 1
  },
  "pae_matrix": [
    [
      2.8125682991450858,
      3.463774680274307,
      1.7374732123657035,
      3.260308638656799,
      3.901917579704713,
      0,
      3.1006253367139993
    ],
    [
      4.631161925579271,
      0.2682797365603584,
      4.3897079948652005,
      4.336460056669802,
      1.1671993223861477,
      1.0500244361347106,
      0.8084016310056166
    ],
    [
      2.28011057211565,
      4.119300111201343,
      2.3477183198340663,
      4.956511902511513,
      1.9724622273481578,
      1.1765155756783983,
      0.8346571324520535
    ],
    [
      4.5399880560871875,
      5.097500315047809,
      3.0920206709176252,
      0,
      2.8889447964045534,
      3.825852220871755,
      0
    ],
    [
      0.06327887412884392,
      2.1220648877931714,
      1.3572632626723513,
      3.8071024287389212,
      0.9434123796249629,
      3.641182445806563,
      0.5590375714934857
    ],
    [
      2.7410883952913117,
      1.3779841722621646,
      0.6522189157821647,
      0,
      0.6773006941854585,
      3.735641502205887,
      2.069402282790381
    ],
    [
      5.644971690866768,
      1.6260408766438448,
      0.07186149030237354,
      3.521049021477733,
      3.6904575353770737,
      2.9625893846315194,
      0
    ]
  ],
  "mean_pae": 2.3127231135225883,
  "plddt_mean": 68.25098271019331
}