{
  "plddt_per_residue": [
    52.543874638077604,
    95,
    65.69086133333334,
    67.96141599634551,
    82.22663041437559,
    49.29661294821591,
    43.136503410532555,
    84.78139523776701,
    43.79660098487628,
    83.53552619921753,
    53.461732864054646,
    59.74392992969909,
    82.78188672239779,
    85.0180100884433,
    71.85143971488417,
    56.4175660063027,
    46.82414411540514,
    60.373714954306166,
    42.58007263140749,
    90.3594627935419
  ],
  "plddt_histogram": {
    "very_high": 2,
    "high": 6,
    "medium": 7,
    "low": 5
  },
  "pae_matrix": [
    [
      3.5335450902018497,
      3.4951671480005344,
      2.9478902322342413,
      3.1813006834911723,
      3.383181178561746,
      3.911675361440197,
      1.151677484473034,
      1.8579732527728254,
      5.415016400233791,
      2.767843771907826,
      1.94591389865348,
      0,
      5.032419377582567,
      2.0127761230449526,
      2.4673160911482044,
      5.106923065010644,
      2.538966263647015,
      4.254838791489197,
      4.825795219632442,
      1.5152833229247578
    ],
    [
      3.4013032820671163,
      0.4619488929794673,
      0,
      0.29458811379808325,
      6.448624401709983,
      4.318439999579766,
      2.796284582301322,
      3.3408809526633423,
      0.8180685430071319,
      2.97144341006041,
      2.6927658159444627,
      1.9770941187651805,
      0.23498967712544827,
      0.36806856268100097,
      5.759653640316693,
      2.3666638469454773,
      4.939508563004914,
      5.0633579080433595,
      3.469439694760818,
      3.5326007774738057
    ],
    [
      0.5573496635094648,
      1.7115314157233563,
      3.792456733342391,
      5.217635808346743,
      0.8791642161569115,
      6.103242626555909,
      1.803415919831699,
      6.533496323320725,
      1.7695442246828936,
      4.548444032728353,
      3.5833368985977323,
      2.8507057403804694,
      3.559116518188718,
      3.2266433845501847,
      1.7153499952729265,
      0,
      2.4359988907051404,
      5.128270864138491,
      3.640884151768179,
      3.6776013053340826
    ],
    [
      0,
      4.03989888197206,
      2.2301585974641913,
      4.238467635491696,
      2.7861109281690264,
      5.307797229801373,
      3.434834430872587,
      4.115887365347298,
      1.2906121921192888,
      3.5197073438549182,
      1.7828020931502928,
      1.736359915053674,
      0.7285149948436516,
      1.7159474480309442,
      0.5730262035486708,
      3.8331641050414658,
      4.830873327121489,
      0,
      2.240942478424559,
      0.320372456667553
    ],
    [
      0,
      1.1026921710157116,
      1.6092597894714615,
      2.5889214596887826,
      3.6243686837637803,
      1.807751421035838,
      0,
      2.917408572952179,
      1.1791759218740958,
      2.3148043884961775,
      6.649772512699128,
      2.228187648740189,
      3.127971333574907,
      4.267723543406073,
      3.410339607465423,
      4.963590247717248,
      2.7561179725849687,
      2.224350098190299,
      2.802665976127403,
      2.8747478788972627
    ],
    [
      2.026509267786057,
      6.053476919896417,
      0,
      0.29832975537363793,
      0,
      3.062834844275776,
      1.5906516565831896,
      3.534314368169137,
      4.601069017332604,
      2.055766563199393,
      0,
      5.024015570413034,
      1.1477664786309536,
      2.6330613182181883,
      0,
      2.8103958631153954,
      2.8544207842969325,
      5.0053398025275655,
      4.781734934015303,
      2.9245739677022766
    ],
    [
      0,
      1.9301239031818012,
      2.1914077550773534,
      4.960181678197028,
      0,
      3.2601966762001027,
      5.349809810154973,
      4.269836590625508,
      0,
      6.957940588348469,
      0,
      2.7472413962372206,
      0,
      1.0348481972279415,
      2.0148449736895424,
      2.064028558891335,
      1.3945598097020682,
      0,
      0.6332548235391069,
      0
    ],
    [
      4.335607815680581,
      5.87983081706858,
      1.2929154757101773,
      1.5739173349893734,
      5.031033312315958,
      2.483880661694418,
      3.370289259049602,
      2.1761237641867606,
      3.9193538203453295,
      3.4491917604897466,
      3.5417799765860267,
      2.6509350970969914,
      0,
      1.8811711367786603,
      1.864494202574344,
      0,
      0.08129809784873965,
      3.1345488596325355,
      2.73471307214911,
      0.22464116340383367
    ],
    [
      4.211600878897858,
      0.8235387522472188,
      1.0573679930426338,
      0.6366422420759557,
      1.8445480350088348,
      2.329237149176878,
      1.7603203494063497,
      0.24851586654247293,
      1.4668808155498634,
      0.47053164177677065,
      5.712665869719864,
      5.128474808124057,
      3.303564254291161,
      1.3787070456395583,
      1.6498822658482237,
      4.22484030554486,
      3.1072850697605636,
      4.204412810740708,
      0,
      0
    ],
    [
      5.686224881872963,
      0,
      3.9578911764701594,
      0.014206770953504755,
      0,
      5.109709800079756,
      0,
      2.3457850007875356,
      1.555621038011901,
      0,
      2.3509597918564378,
      0.23864470113805214,
      3.8372733713367646,
      0,
      5.970383353144598,
      2.2162837370997224,
      3.8607214930917406,
      0.3512778995479424,
      2.3519464541724147,
      3.3852903888315646
    ],
    [
      4.951357628973447,
      2.452936704026576,
      1.822250931881912,
      3.370716479036605,
      3.373080235373147,
      0,
      3.487167586565755,
      0,
      5.668726084174314,
      3.0552707036782447,
      5.5117433505766105,
      1.9157710722895862,
      0.9138939042823819,
      0.9734898442412747,
      1.1949109254187975,
      0.10934542237545442,
      1.7216722904330415,
      3.4523714929119684,
      4.888881239082323,
      4.884683880469514
    ],
    [
      5.20319919031768,
      2.9243932802384442,
      2.813000073741661,
      2.3983901247079227,
      1.908640007716363,
      0,
      2.6467132712014187,
      0,
      4.636765440592118,
      0,
      0,
      0.2800507009200497,
      3.6885252136838833,
      0,
      2.0821977966800436,
      5.774041044018557,
      0,
      2.411238544031394,
      5.760366196237715,
      0
    ],
    [
      2.3020121264510065,
      5.367854899388071,
      4.924594274235057,
      4.327863402569321,
      3.1563675439965206,
      4.109253242200486,
      0,
      0,
      2.707348154495158,
      2.9523323268947967,
      3.2634293821561435,
      3.178086517323142,
      3.198147784549593,
      5.4018181356223804,
      2.1119110541331043,
      3.315856605004703,
      2.7167088295389443,
      3.5618231120376085,
      3.762339464773889,
      0
    ],
    [
      0,
      0,
      4.265041264870401,
      2.4706272829369826,
      5.304468809336057,
      1.017921222893603,
      0.8119706498932984,
      1.6137635435634263,
      3.8792812316020138,
      3.212511706455513,
      4.248235317581463,
      2.1719519541050154,
      5.055253842163452,
      2.435962304607465,
      3.9400621479861275,
      0,
      4.062892437878855,
      0,
      2.0473197456952166,
      2.1350492887385135
    ],
    [
      5.740930962309852,
      1.1493091488374911,
      2.5936004056651254,
      4.085051872151944,
      1.9091521273530838,
      5.0835187704768465,
      0.09906636716988793,
      3.943170627338358,
      2.545678358515639,
      3.790142792508957,
      0.3250918328383132,
      2.6436247076421733,
      4.6801709336900945,
      3.062171360839031,
      1.4318883200130958,
      3.6406300520344264,
      2.995827181832172,
      4.19850872403136,
      4.990208758591886,
      1.1490758021547096
    ],
    [
      1.714188971326358,
      4.106560379895469,
      0,
      2.075414615684285,
      0,
      5.6773094924553735,
      0,
      1.346872900892486,
      1.0637222508909296,
      0,
      3.934766768396142,
      4.133603058405167,
      4.433084244211259,
