{
  "plddt_per_residue": [
    95,
    85.64878753527684,
    41.25567406313788,
    86.46169885604873,
    50.413815018676296,
    42.0328389576604,
    41.13573934076728,
    73.82168335902976,
    77.11482254320477,
    68.77824487129509,
    66.54030364768164,
    72.87603927695059,
    75.17887720940949,
    58.50065884604779,
    55.050030747485614,
    58.56925505514874,
    43.80749358080889,
    57.329271122318936,
    67.80343051490235,
    83.74953326767982
  ],
  "plddt_histogram": {
    "very_high": 1,
    "high": 7,
    "medium": 8,
    "low": 4
  },
  "pae_matrix": [
    [
      0.7250814592326271,
      0,
      5.541457842751139,
      4.048320423404146,
      4.738867266864867,
      3.813128533047585,
      3.852385227781512,
      5.1983707954844185,
      2.6735353195056937,
      1.2370675430103515,
      2.491078738540256,
      4.60905416223865,
      0,
      1.1363313938539867,
      3.146788171952281,
      5.023358662396226,
      1.7693173667893307,
      1.5340967642820187,
      1.6839386166143164,
      0.6307046895579509
    ],
    [
      0,
      1.8209012230283652,
      0.2841188210436747,
      0.4430200389413448,
      2.504156661779518,
      3.0767493111195274,
      2.533573385329816,
      4.019412793796577,
      3.3742113175903574,
      1.9560096134977867,
      2.3719607512932157,
      5.027970559337074,
      1.1020670636218561,
      2.6438786735042235,
      2.303859281137501,
      4.000276696945232,
      4.770932667959679,
      2.107788368799782,
      1.3892042215984226,
      3.0831840714841063
    ],
    [
      0,
      3.9128606382379267,
      6.327366432295821,
      1.6375520517003226,
      4.778011093668344,
      2.3877643807594433,
      0.44463876721461193,
      2.5069929249775766,
      0.5248492944379426,
      2.3116691782158743,
      7.795388637581667,
      1.9769962397857976,
      0.16937332516607206,
      2.280232276303445,
      1.5201230573928959,
      1.3789264726612729,
      2.074453934984837,
      3.788407838901133,
      2.778033439855181,
      3.209911926194179
    ],
    [
      5.452469614488283,
      2.000808044439413,
      0.8325461548695727,
      0,
      2.130452829049057,
      0,
      4.336429828464135,
      0,
      0,
      0,
      1.4297513302316154,
      1.7910812204858662,
      1.2405097249586357,
      2.2326981236332997,
      4.068833976438826,
      3.0441256077037457,
      3.019648046821341,
      6.5886158024598585,
      4.103724741097787,
      1.8149488205293258
    ],
    [
      2.9674059607622194,
      1.9850037774799243,
      1.8391375559014949,
      4.619083846975867,
      0.5627856784456995,
      0,
      0,
      2.5991686329470713,
      0,
      1.3220852716688567,
      4.2244834380051355,
      5.071520279575721,
      3.302776848568104,
      1.4858987460037416,
      2.6674178967188036,
      3.5595039506418455,
      2.095905633221016,
      3.9286394393490394,
      3.7244856686079744,
      0.1496361566936506
    ],
    [
      1.8514921884465068,
      3.224040601201114,
      1.552480317419916,
      0,
      2.443838896437093,
      3.3608459401116315,
      2.57648710652547,
      0,
      1.038359386377148,
      3.7519819945177995,
      1.2226930489411483,
      0.8621013013022534,
      1.136230184112023,
      3.5061126269732705,
      1.6058602120319891,
      2.1952445051888505,
      1.7031829146958977,
      0.4211586675893062,
      2.566279761130012,
      1.0153932357197148
    ],
    [
      0,
      2.8838079314123073,
      0.3788915564001263,
      3.0871412196762247,
      2.2256210947850676,
      4.529060177342221,
      2.6966800454313056,
      5.040676919289508,
      3.8843123033663565,
      3.9810768992170242,
      0,
      0.9854414966682086,
      3.541445809602621,
      4.124918907746264,
      3.8349223286164564,
      3.791936217164589,
      4.063369046234438,
      3.482269227519762,
      1.8973598096527562,
      4.140443240774325
    ],
    [
      1.8844176277052753,
      1.2743097475707836,
      0.2105559392054004,
      6.142787263312673,
      4.4338780583314,
      4.23284006830233,
      5.142321712010611,
      0.03583489790959682,
      0.7316128144839862,
      2.778507423065691,
      4.2666309751355564,
      0.49542783430130166,
      3.6737808157546343,
      7.357831307423904,
      2.4792782342411757,
      0.49902608463701426,
      0,
      3.8157147175778103,
      2.175262365500803,
      3.1694228833054447
    ],
    [
      0.7074166253722078,
      3.241828562264708,
      3.072367755691033,
      1.9972621386940705,
      0.4304746200570517,
      1.5585645016995069,
      6.338242309289335,
      0,
      3.311154224814799,
      1.8064213693263673,
      1.0992731445777693,
      4.342573881217027,
      0.21633889269608453,
      4.743523220223107,
      4.43844271825844,
      0.32732489706152545,
      6.786642594915273,
      3.9322360934359564,
      2.316279956419525,
      3.538794354817113
    ],
    [
      4.0777841145189715,
      4.8326454097069504,
      0,
      1.1245428007810176,
      6.89315183711422,
      4.709229347100262,
      1.983732708064521,
      1.7740397252045335,
      7.518396012476658,
      2.5884347353413566,
      4.857378049563198,
      1.0391598166568397,
      3.2839250803856483,
      2.198016205755105,
      2.578570148807344,
      3.954150158060206,
      0,
      2.967447703644727,
      2.0421255860038126,
      4.819893549868967
    ],
    [
      1.302897414700089,
      1.7568750332949745,
      6.27532302256717,
      2.538072477193459,
      1.2749732604296327,
      3.482312417455783,
      2.3377625010253387,
      1.9855939932562499,
      1.697510324474224,
      6.341184206059864,
      3.7100705521315342,
      0.809829779444571,
      0,
      1.7434937030544178,
      3.8998236421382044,
      2.168805584686637,
      0.7839723461037955,
      1.2627258032556608,
      1.1232525302474885,
      2.8949395783946725
    ],
    [
      4.602463939313496,
      4.214387539471783,
      0.47540398681805485,
      2.115228703457331,
      3.564400293904823,
      1.5393952692944537,
      0.049214106548247205,
      5.988088904853983,
      0.2889997893723901,
      0,
      0.6094750751000428,
      2.6709684223995955,
      1.5674888658929356,
      0.8452765392375312,
      4.554207498272705,
      2.2741902655094104,
      2.854681924545823,
      2.5846104171554543,
      4.955582808466053,
      4.214271818520412
    ],
    [
      2.3648509744415205,
      4.939470490521964,
      4.044505835659543,
      2.6248884071589025,
      1.5020460833851734,
      0,
      2.019801026049942,
      2.5524451874952767,
      2.356771106993984,
      0,
      0,
      2.3000739654511424,
      0,
      4.472503566563953,
      1.2037560246912777,
      3.8768863700834615,
      2.1580792644217395,
      1.9466117572628212,
      0.9923371694531709,
      4.42575831170479
    ],
    [
      5.358099359756273,
      4.53853581622783,
      0.6388828444044938,
      0.21642635092701834,
      3.318136809114194,
      3.7125018030600003,
      0,
      2.5838093758935807,
      1.9415721637612624,
      0,
      2.0525635586216526,
      2.7978620278450554,
      5.239019749584414,
      1.510768085141637,
      3.132786667129942,
      0.6705667794432943,
      0,
      2.6683493338702444,
      0.9048653027144329,
      1.553143743788635
    ],
    [
      3.6932249705084423,
      2.444576606893584,
      6.096703459486797,
      2.7406210873947745,
      0,
      3.604466996092259,
      4.72797340125034,
      0.06838676389724707,
      2.6719197278818463,
      3.56909082263323,
      0.6018070544513567,
      1.5535245314277981,
      5.164937218722033,
      3.1238241161256273,
      0.8650879664147368,
      1.9313130235053826,
      1.2194122378684984,
      3.7054593697280698,
      1.250705388743494,
      5.2341296525200125
    ],
    [
      2.77828582024886,
      1.5060407346696403,
