{
  "cpu_hours": 0.0009226936648692872,
  "gpu_hours": 0,
  "memory_gb_hours": 0.003632010905849011,
  "total_wall_time_seconds": 5,
  "cpu_efficiency_percent": 66.43394387058868,
  "memory_efficiency_percent": 65.37619630528219,
  "gpu_efficiency_percent": 0
}