{
  "cpu_hours": 0.005740640359123708,
  "gpu_hours": 0,
  "memory_gb_hours": 0.0037353109395066903,
  "total_wall_time_seconds": 5,
  "cpu_efficiency_percent": 51.66576323211337,
  "memory_efficiency_percent": 67.23559691112042,
  "gpu_efficiency_percent": 0
}