{
  "plddt_per_residue": [
    95,
    95,
    41.49148801085026,
    67.03216534573102,
    76.53370016013189,
    47.326255178480146,
    80.40487085595372,
    43.92989150676968,
    93.74905438651459,
    70.70477538829748,
    81.44947792886815,
    79.08240313455607,
    50.59024277788429,
    85.38801585097802,
    80.7393585667393,
    66.91930863791238,
    45.84240241340904,
    70.07417846158461,
    94.6822323550707,
    86.32863793344798
  ],
  "plddt_histogram": {
    "very_high": 4,
    "high": 9,
    "medium": 3,
    "low": 4
  },
  "pae_matrix": [
    [
      5.116772396697317,
      1.6816491906463193,
      1.9831979597676195,
      1.5022898462724683,
      0.9758603829557995,
      1.2221413010450688,
      1.7203732230393645,
      0.6220254945769483,
      2.077654109214268,
      1.626883029924472,
      5.597642985673512,
      5.388568574180658,
      3.79027539346078,
      5.052713652173409,
      0,
      5.524649522834391,
      2.630013059253462,
      0,
      1.8033265416816275,
      0.1917795425841815
    ],
    [
      5.648236959185556,
      4.941488676558491,
      0.9439903456880265,
      2.1832078384390887,
      0.39622540668335904,
      2.332391129553116,
      3.08344581556924,
      1.060019840469994,
      1.8051014720886016,
      0.5627061607827986,
      2.179936872217128,
      0.08544926724658142,
      0.6300059359664916,
      0.5663749647293113,
      6.065909054294823,
      0,
      0.04773060645708682,
      0.8222765768524327,
      0.9598790016732672,
      1.0848101073274723
    ],
    [
      2.3950726775385474,
      0.6489057016240283,
      4.229773623883361,
      3.6831928030110515,
      2.1848603103891144,
      2.5961116643484092,
      3.2203686711969106,
      4.106447940595446,
      2.377205569704497,
      6.82416932343923,
      2.119086636498912,
      1.3402336152553989,
      2.2021578746567254,
      0,
      1.1353762567613455,
      3.3837084509782445,
      3.806714143097655,
      2.738050594201511,
      6.322470320027915,
      0
    ],
    [
      3.2815718248818757,
      0,
      1.5820258105385108,
      2.7542002235096557,
      1.2532159490031258,
      5.039964767933636,
      0.32452347215583477,
      0,
      3.0608677866280107,
      0,
      4.367457473719411,
      2.78318554385306,
      2.7736194302532198,
      2.093062995420299,
      4.1786446586527255,
      1.5190905548375282,
      2.6270555167099316,
      2.432425575604103,
      1.5088062248233114,
      2.079974515179485
    ],
    [
      0.5803356289989783,
      0.8970434782022865,
      0.3386256839900115,
      6.855293612674838,
      4.537622664585417,
      4.472400904354483,
      2.7147644839134744,
      2.773788350279584,
      5.1763836728090205,
      3.4510132690518613,
      0,
      6.340901098922477,
      3.693888033113982,
      3.2721484011774624,
      1.4815416565496635,
      4.4586306623992,
      0.13231916687643874,
      0,
      1.5324295910117025,
      2.7958058207698913
    ],
    [
      2.04266509511052,
      0.9445252414675092,
      2.9020146764237786,
      0,
      0,
      1.5174981367992653,
      4.784214251712825,
      0,
      3.2426787715391363,
      2.7101987451273417,
      1.7902148420035011,
      2.4436368137153326,
      4.431327857333004,
      1.2028431611541588,
      0,
      4.5682805136987215,
      6.437073176667006,
      3.793941455084605,
      0,
      2.546187669676559
    ],
    [
      3.320315367221369,
      2.7621673323612557,
      0.8776448583294336,
      2.7018185432568282,
      4.943983138505089,
      2.8739097704347616,
      1.7462603898526456,
      5.206364861084774,
      1.9850736632442458,
      0.2944572937841887,
      1.3770749568230385,
      3.318500926013325,
      1.2080956754848982,
      5.400708316840481,
      0.8391848998959424,
      2.5276058106736135,
      1.7844710104967563,
      1.7384034776535138,
      0,
      4.866655378128406
    ],
    [
      3.5357275962190418,
      3.8826840882496247,
      3.0730275928931294,
      1.0642456875859905,
      0,
      1.391047194801367,
      0,
      3.0757835462761856,
      0.775486230340142,
      4.1298360051936305,
      3.55463467670986,
      1.5814227955046438,
      4.42493227110354,
      5.3388562852237476,
      0.3834014441813822,
      4.987832129723125,
      0,
      0,
      5.281883366923546,
      1.7695432418760433
    ],
    [
      4.160156246198587,
      0,
      1.245491898540432,
      2.1068372555143204,
      1.5211011586976917,
      1.910503243092261,
      5.128622908650241,
      0.20838200425707587,
      2.2565733819278755,
      2.070044160779483,
      6.138143565207333,
      1.0683938386213934,
      3.0531160236362496,
      1.228813683115355,
      1.6458733131364465,
      1.4709911843698569,
      1.8551461455543197,
      2.1936862771790198,
      2.4792881771909676,
      3.572115429875616
    ],
    [
      2.557004000264719,
      4.312075648581096,
      2.5360860776880187,
      0,
      2.4888573941905614,
      0,
      0,
      0,
      2.0842247078924796,
      0,
      1.6676478054389512,
      3.532795740590581,
      3.66484897821024,
      2.7998956242701194,
      4.817877802345963,
      3.200763606014827,
      0.3208464955085839,
      7.290234366601606,
      0.16837619380566515,
      3.7085568908903994
    ],
    [
      3.2649427797585693,
      4.3693102808049264,
      3.9696805359910377,
      4.905003842537399,
      0,
      2.7382842639302107,
      2.192351174369943,
      1.8176588277538017,
      0.35805756684496703,
      3.0212477129589987,
      2.1623579394228005,
      2.4895071912251003,
      3.334917680298184,
      0,
      4.11460275201703,
      1.8655811175661416,
      1.693773719593434,
      3.4215023979592516,
      1.4114369291986315,
      0.400343913144078
    ],
    [
      1.4348256705820535,
      0,
      1.578514703022711,
      1.3220599174761465,
      2.3511464824859716,
      0.2528870741293616,
      0.6001913236156708,
      1.0591590076534783,
      0.5266971522512198,
      2.4875687104405992,
      5.1517524294280435,
      3.1753038446836426,
      2.6604563119439755,
      0.875628892778197,
      2.661296318035425,
      0,
      0.888879252978036,
      3.89556683988769,
      4.4918195836212735,
      3.426814919283035
    ],
    [
      3.8146395898949947,
      4.547125808862377,
      2.3728659621362573,
      0,
      0.450551341509686,
      2.4360660279390283,
      1.4993490388997328,
      1.5837537676181144,
      2.304982351183809,
      1.9632158493148792,
      0,
      1.8389984016269385,
      2.5668146739227984,
      1.878175118884617,
      3.262353922414529,
      4.333803359097571,
      0.7551364438452302,
      0.843719215140593,
      0.21237859054961916,
      0.7654541912049952
    ],
    [
      2.937691255924098,
      5.706342653040838,
      2.7839775306675465,
      6.418123076480526,
      1.4638270053741027,
      0,
      1.6749421904823207,
      5.517244327669131,
      1.4978031610173423,
      6.67475345958972,
      3.340380556209041,
      0.4586499828262933,
      2.977188976662665,
      3.5293970294460255,
      1.5841009466025633,
      0,
      3.146966767664672,
      3.1862960429727223,
      4.138198999575865,
      0
    ],
    [
      0.7110854390309946,
      1.405989519616711,
      3.3528808802408814,
      0,
      0,
      5.416178811491902,
      1.2811675052928644,
      3.203025968307559,
      2.075747464927649,
      1.3339083942977283,
      4.37424001832405,
      3.5586746965578513,
      2.4096483864193,
      0.7640058533573169,
      3.9071333606140826,
      1.932129729500598,
      1.7460133758065377,
      0.48712223735426186,
      0.6185148953369355,
      2.190575849818115
    ],
    [
      5.5606275862011945,
      2.414281256952303,
      0.5870712457371479,
      1.8191985835805529,
      0.980896839131101,
      0.35539310260136503,
      2.3702312494048727,
