{
  "cpu_hours": 0.0007695630335579211,
  "gpu_hours": 0,
  "memory_gb_hours": 0.004435820121626982,
  "total_wall_time_seconds": 5,
  "cpu_efficiency_percent": 55.408538416170316,
  "memory_efficiency_percent": 79.84476218928567,
  "gpu_efficiency_percent": 0
}