{
  "plddt_per_residue": [
    79.99324617645,
    71.78038468791814,
    60.473892966834626,
    48.63789478517652
  ],
  "plddt_histogram": {
    "very_high": 0,
    "high": 2,
    "medium": 1,
    "low": 1
  },
  "pae_matrix": [
    [
      5.479184874671399,
      4.5660970536372005,
      0.663712736217885,
      3.508126361877267
    ],
    [
      0,
      2.775759481248926,
      1.1508486090962298,
      0
    ],
    [
      3.801567924994366,
      3.6764257735720403,
      2.6119257205663735,
      3.7815059689696584
    ],
    [
      0,
      3.7046539634671776,
      3.8329029283096476,
      2.6794046847910296
    ]
  ],
  "mean_pae": 2.6395072550887,
  "plddt_mean": 65.22135465409482
}