{
  "plddt_per_residue": [
    60.15906848300647,
    41.14787235788166,
    61.823093663385286,
    75.29327252450162,
    91.75102134514833,
    88.96976201562387,
    89.13668974780587,
    65.3876147928277,
    65.01898548949214,
    42.777600939497745
  ],
  "plddt_histogram": {
    "very_high": 1,
    "high": 3,
    "medium": 4,
    "low": 2
  },
  "pae_matrix": [
    [
      3.5419290223583255,
      1.390410157803018,
      4.240027679698125,
      2.9666962545643765,
      0.9161416253409314,
      1.494615248349686,
      0,
      2.950345000198558,
      0.5198214110981472,
      0.5399511382464142
    ],
    [
      0.9852680366533746,
      4.23876808638229,
      1.976425737387488,
      0,
      0.6475861672314209,
      5.286125762786865,
      2.192395796501569,
      4.630648435262881,
      3.522201454056251,
      3.7713214759878166
    ],
    [
      4.416418584779507,
      0.7424579900707899,
      0,
      1.2205889400631889,
      3.46630863836151,
      2.3760580597308785,
      0.05277817547515351,
      4.58440477583966,
      2.1588214234586935,
      2.9832074816714274
    ],
    [
      0.6089928678831653,
      3.2165495347352104,
      2.6371871294131983,
      3.182120181627667,
      1.2346548125450996,
      2.5404861049752383,
      4.220301645025907,
      3.042388834636551,
      1.5238722439661803,
      0.634219714542601
    ],
    [
      2.4005234908749804,
      3.332025176129818,
      1.6912814122508206,
      2.5538018147524846,
      1.0440242430093905,
      2.6277711858155612,
      4.403220500102603,
      2.262012671657538,
      3.4333157663437444,
      3.8177512326540435
    ],
    [
      2.448280577328874,
      0.8857001443308736,
      0,
      4.542049231679668,
      0,
      1.9217702782044397,
      3.0071849417773837,
      1.4308701605971086,
      3.2301687241742694,
      2.5998427853927275
    ],
    [
      5.172185636145348,
      1.6882858036815234,
      1.0358422879298577,
      0.3737912365305973,
      0.30677003413866477,
      0,
      0,
      0.40094814854772776,
      3.463559920893882,
      4.318930141156201
    ],
    [
      2.8489288705505373,
      7.5716284246028565,
      0.7976548741562624,
      1.2484248834919642,
      3.3511514853538467,
      3.553568233251773,
      3.227051641821527,
      2.03849358219797,
      2.246443475071663,
      2.0484703353575804
    ],
    [
      0,
      2.9369387837716907,
      1.3398691137925827,
      0.981348155030209,
      3.421656624559697,
      1.38195415633067,
      0,
      0,
      2.4070756308156476,
      1.0889722395940091
    ],
    [
      0,
      4.739658291735358,
      2.718612033713033,
      1.8204737159764217,
      0,
      0,
      1.5674697765465515,
      2.9278555482476927,
      7.290963455681799,
      3.794281477436817
    ]
  ],
  "mean_pae": 2.2239334798389745,
  "plddt_mean": 68.14649813591707
}