{
  "cpu_hours": 0.003863618719294838,
  "gpu_hours": 0,
  "memory_gb_hours": 0.004256255578802833,
  "total_wall_time_seconds": 5,
  "cpu_efficiency_percent": 46.36342463153806,
  "memory_efficiency_percent": 76.61260041845101,
  "gpu_efficiency_percent": 0
}