{
  "plddt_per_residue": [
    95,
    72.27960359684072,
    64.5636880038506,
    91.4014652760144,
    76.07406475827203,
    65.24706886781746,
    62.541070160656865,
    91.0083583865103,
    88.12020862875784,
    41.439377374314795,
    48.1964689814146,
    85.36817523834077,
    70.28403207669716,
    52.63962654714362,
    66.32513328335493,
    54.42803066937985,
    91.13211473129768,
    71.54482584036597,
    44.617956110094376,
    58.18438818984628
  ],
  "plddt_histogram": {
    "very_high": 4,
    "high": 6,
    "medium": 7,
    "low": 3
  },
  "pae_matrix": [
    [
      4.022093316622639,
      3.3626090381859344,
      0,
      1.2195863473845818,
      1.6149501637962345,
      3.6557272566433614,
      2.1097354291008426,
      0,
      2.6109065621875613,
      4.3816699452765295,
      3.082974719143916,
      2.296491532344408,
      0.8279088063317701,
      5.273679563292836,
      1.1922332560364708,
      3.48024008780856,
      2.0555092818209224,
      1.5313580072800794,
      2.0063606891575656,
      1.9824322893105872
    ],
    [
      1.6952017596485183,
      1.015777512232023,
      0.435181993922126,
      3.4109552263996274,
      2.6171433435647535,
      4.709955438620312,
      4.681250148561535,
      1.6753285237610602,
      1.0201329406436226,
      3.157551563677439,
      0,
      4.571093128421472,
      3.3439436900134396,
      2.245883837926147,
      2.8585053240581337,
      6.195014575781216,
      1.843125874291836,
      6.447110813493714,
      4.342979525622886,
      2.580091640702095
    ],
    [
      0.947558727885423,
      0,
      1.4175808084785495,
      1.1528039004743984,
      1.980815012516691,
      3.6487648333273817,
      2.1955799065732293,
      6.553656064626118,
      2.3383470167072544,
      2.4799063027859614,
      0.5190199478432034,
      4.325538075385106,
      2.1946578318951957,
      6.545411284594829,
      0,
      1.5844824181048798,
      1.452126325427,
      2.5207512499423754,
      1.2542793946497288,
      7.695849947894047
    ],
    [
      1.642667156475688,
      0.8206596199940888,
      2.6732341669755417,
      3.0150372089268354,
      4.178369934707019,
      2.9560603687109204,
      1.1702845366791335,
      1.3170921256738461,
      5.463498874478018,
      2.47992143182398,
      8.89264540697717,
      3.0188609941451636,
      7.777351903269162,
      2.1145265868241694,
      3.2174603301724902,
      1.2328175524377303,
      1.904015513260402,
      2.1062790737034116,
      3.689114890435029,
      2.893673491776018
    ],
    [
      3.937409321509289,
      0,
      3.8212182261219665,
      1.4593491553760094,
      2.9205099528182332,
      1.001851627826972,
      1.2975597968298334,
      0.05616057781382455,
      2.8566986831151624,
      0.6290774082357324,
      2.7195691946820526,
      3.7177800701186468,
      4.196864491829187,
      7.096317790940385,
      2.5066336447545083,
      4.740973456853574,
      0.6706431840366582,
      1.3161967033512307,
      1.9782314228283742,
      2.1636386120128703
    ],
    [
      4.594704543650473,
      1.095033766493471,
      1.2130860291475094,
      0,
      3.29515833709476,
      0.9851878146825981,
      6.342584710647143,
      3.104548162728943,
      0.8786314296977116,
      5.219826741107294,
      4.412975079998898,
      0.6639735216354723,
      1.5420328002279797,
      0,
      5.027509267750377,
      2.0686009128499028,
      1.6313204247216144,
      1.848554523631436,
      2.6451009419293285,
      0.6885516918212309
    ],
    [
      2.2110979820107435,
      1.169755985449261,
      1.9657185983371575,
      6.2765059015046525,
      1.2246010752559282,
      4.359856553478924,
      0,
      0.5152252921311349,
      1.2640880918057409,
      2.157767062775598,
      5.539840920617584,
      2.5876747986443056,
      4.6925073670663435,
      0.17624477311914966,
      1.138054761857012,
      1.2952350618033213,
      3.2993409885261595,
      3.1753178575645604,
      4.991183805914925,
      2.3793663155799996
    ],
    [
      0.5497209017985691,
      2.4096313949742183,
      2.1713514295315153,
      4.0368177245812875,
      2.6073787265960036,
      6.02709306112758,
      4.959155328000037,
      2.084171928471465,
      0,
      6.971492898666316,
      2.495211453810414,
      4.619816710784249,
      6.405946935149688,
      1.2870048533064706,
      0.6555911660403548,
      3.4034389146370847,
      1.8048747249314736,
      3.735706837406852,
      4.508812491898013,
      0
    ],
    [
      0.19207971179315209,
      4.071205456420744,
      0,
      5.288749621226627,
      0.9978000929590263,
      0.33984391033275485,
      1.9800526849775513,
      1.4872772219610557,
      0,
      0.6101546021180844,
      1.389558163059518,
      0.6500561629728769,
      3.37278757267734,
      0.21345595608635737,
      4.056397717278396,
      0.5556119165541749,
      2.1944915866334567,
      3.9740139487764887,
      3.3080978332871043,
      2.101399621469684
    ],
    [
      0.004451443329132054,
      0,
      4.149762808521838,
      4.258071425280372,
      7.21508147169892,
      1.3009363189074281,
      1.2366450605608468,
      2.997247126349449,
      2.7218038951091987,
      0.002592033854351694,
      0,
      0.8213445214828612,
      0.9371367293487682,
      3.0835820355862014,
      0.7980286435620241,
      4.255173451816169,
      3.269214592309303,
      1.630590643578628,
      2.2004223411357473,
      0.39920429447561157
    ],
    [
      3.0651088233452737,
      1.1640489645099616,
      2.7823371658272387,
      1.6440036286606268,
      1.6724028396660433,
      0,
      1.6365454257137242,
      0.0636381160061088,
      1.3276932461114128,
      7.279917757635284,
      3.6901894558609074,
      3.3205154117327593,
      0.7475785773551904,
      4.059337274245043,
      3.498577715791378,
      3.6287929039494697,
      0,
      3.503566636340914,
      2.2464407933855917,
      3.988369253067712
    ],
    [
      0,
      2.142217175856994,
      2.8316753411404094,
      0.9634492820044582,
      1.3287739053820558,
      0.4308776074363332,
      0,
      3.141845281934522,
      0.47510332802831523,
      0,
      4.904886398329033,
      2.447285964375643,
      0,
      1.0399318736026169,
      0.7103977423906895,
      0,
      0,
      1.36610309020372,
      3.950631378440982,
      5.394995385021035
    ],
    [
      0.9915467071255959,
      5.759218753138542,
      3.466411068780397,
      3.937388967396915,
      0,
      0,
      1.457523701191306,
      4.360372255838797,
      0,
      0.22545764235382415,
      4.187857301896566,
      3.0357780380120047,
      2.7064361913081445,
      1.8719849076622788,
      1.657340579745263,
      2.0596660155772257,
      2.1456982969092637,
      0,
      1.007991890012014,
      3.4512327856605385
    ],
    [
      3.458342214785847,
      0,
      4.938605894823302,
      4.533839848009738,
      3.380194041628652,
      1.3960850891469876,
      3.3074593962610717,
      5.162566626320749,
      2.345751681932764,
      2.817309214214801,
      5.6620628069382875,
      3.062404954041522,
      0.6290857648486445,
      0.7361244809102787,
      2.987622974513729,
      1.1695648817645092,
      2.0937267310349736,
      2.731492961812415,
      0,
      3.2259205086633855
    ],
    [
      0,
      2.4335201885919653,
      3.6139870851475715,
      5.346130753085762,
      4.193860292227217,
      0,
      4.026026222972481,
      1.5743214526195344,
      4.825635653149149,
      1.4291649978643777,
      1.0104955655802235,
      0,
      1.5946779384869911,
      0,
      1.6953307365345505,
      4.669536140576406,
      3.2011204511514175,
      0.22486653499598952,
      5.172937935730088,
      0
    ],
    [
      2.849156320617694,
      3.2739345531051915,
      1.4697112534938321,
      6.730825854097381,
      0,
