{
  "cpu_hours": 0.003108619834314891,
  "gpu_hours": 0,
  "memory_gb_hours": 0.007183426048625688,
  "total_wall_time_seconds": 5,
  "cpu_efficiency_percent": 55.955157017668036,
  "memory_efficiency_percent": 64.65083443763119,
  "gpu_efficiency_percent": 0
}