{
  "cpu_hours": 0.003888293123684316,
  "gpu_hours": 0,
  "memory_gb_hours": 0.00893173676258359,
  "total_wall_time_seconds": 5,
  "cpu_efficiency_percent": 69.98927622631768,
  "memory_efficiency_percent": 80.3856308632523,
  "gpu_efficiency_percent": 0
}