{
  "cpu_hours": 0.015680023793384238,
  "gpu_hours": 0,
  "memory_gb_hours": 0.0890067046153834,
  "total_wall_time_seconds": 101,
  "cpu_efficiency_percent": 55.889193718993326,
  "memory_efficiency_percent": 79.31290510281688,
  "gpu_efficiency_percent": 0
}