{
  "plddt_per_residue": [
    80.04521101336933,
    78.03064566216419,
    61.31332355007746,
    84.00335565604954,
    83.41325022579835,
    63.36704368087484,
    94.47465814848402,
    55.20538920085073,
    77.4007287807208,
    76.10664686264232
  ],
  "plddt_histogram": {
    "very_high": 1,
    "high": 6,
    "medium": 3,
    "low": 0
  },
  "pae_matrix": [
    [
      2.544838730390663,
      3.4018542009580974,
      2.155832286054988,
      2.466289299832586,
      2.3415556279653473,
      0,
      5.1587895981449785,
      2.0279662716428395,
      3.034692725267757,
      2.1405399823908344
    ],
    [
      1.7562784421893085,
      7.472282815788437,
      1.8239526688119057,
      1.8575784451031518,
      1.0667279775204885,
      0.6992457861842793,
      5.31616901836503,
      1.474126249376606,
      2.561908807775258,
      2.1066545484925716
    ],
    [
      2.5296497390595025,
      0.6832839584102595,
      2.224171977721007,
      4.628447401993302,
      3.720665973904586,
      1.0458840326566436,
      2.054830421767294,
      1.3013058146395937,
      1.701284879139391,
      5.192629239127587
    ],
    [
      1.8442438323445258,
      0.9716222524502474,
      1.5034200904342292,
      0,
      4.008165558974256,
      2.452560174214632,
      2.734986384584832,
      4.43065654623765,
      1.2052152475905744,
      1.1728205129571374
    ],
    [
      0.5351186840666489,
      2.0873213222693083,
      2.8881186724751022,
      4.015901112872614,
      2.27680180014179,
      2.7610432208035682,
      0.7364081533792926,
      1.8694585803717345,
      0.7910992982582794,
      2.042829939730394
    ],
    [
      0,
      3.391721571708736,
      2.837202006367802,
      1.095291075114422,
      3.3154833545086575,
      3.872528855740507,
      3.856450661285892,
      2.7079930638721286,
      6.359740641765853,
      3.235048510771116
    ],
    [
      3.0389535591283927,
      0.3770373558975928,
      0.9867857735441059,
      1.224604838338438,
      0,
      0.43803591534402475,
      0,
      1.672881285837677,
      4.384422725140618,
      1.444333907646691
    ],
    [
      1.7464869196273751,
      2.0530658634239547,
      0,
      2.8339136139632144,
      1.2743281981778087,
      0.9082315364111917,
      2.074787160391252,
      0.5251341571118879,
      2.530956674259315,
      4.3680463963042016
    ],
    [
      4.105817011555023,
      3.0809391839694094,
      1.5834042605326255,
      0,
      0.6875658077322251,
      1.372268890701224,
      1.8654400527707853,
      3.800767523230297,
      1.7003928005073505,
      1.1440751346902642
    ],
    [
      3.1898340358124573,
      0,
      1.2286836586249,
      2.619101849267255,
      1.4313432674291144,
      5.599450318040253,
      0.6814559361212682,
      0,
      2.2719099234072124,
      3.3512154114967556
    ]
  ],
  "mean_pae": 2.1908435899240235,
  "plddt_mean": 75.33602527810315
}