{
  "plddt_per_residue": [
    51.2181164065871,
    54.05459811762342,
    57.698266379721396,
    48.188751348609266,
    63.202448069327154,
    67.91165633528041,
    55.704272146076335,
    50.09381349085173,
    94.39328628309207
  ],
  "plddt_histogram": {
    "very_high": 1,
    "high": 0,
    "medium": 7,
    "low": 1
  },
  "pae_matrix": [
    [
      0,
      1.423138613478979,
      0.3573838161777567,
      1.0724848731960106,
      4.274259423698526,
      5.9267886590596355,
      0.6706825275431958,
      2.7239098214121973,
      4.018061406916415
    ],
    [
      1.8720849454098527,
      6.1469607442581875,
      2.21255757984933,
      2.966445992983769,
      0.9981068439075822,
      1.5868387037832534,
      0.7608722051741834,
      4.067225273754364,
      2.952471258886643
    ],
    [
      0.47031245965343293,
      3.811063736452616,
      2.1733053382515912,
      3.7823655366523505,
      7.848167085413095,
      0.8580028558920976,
      0,
      3.2518381447931484,
      0
    ],
    [
      4.22911881841137,
      0,
      0.5381906674119199,
      1.232427778748634,
      2.8237238040466432,
      2.1820185931242637,
      0.8096171256914371,
      1.872651670058007,
      3.697751081520367
    ],
    [
      0.1522343578992147,
      2.6507546109294458,
      4.148840230038377,
      0.387529440775646,
      2.834293699631503,
      2.509064751480928,
      4.328008531265018,
      3.690246556457865,
      0.5452759832779497
    ],
    [
      4.561631968245544,
      0.9181519677499685,
      2.234301647881504,
      1.2066099236646046,
      0.9282434727270845,
      1.5079882834973608,
      1.2779398396257686,
      3.3693301700270677,
      3.9908161365060124
    ],
    [
      5.777517872403623,
      0.4352502849024855,
      6.064336177262851,
      1.2474141943832011,
      2.726910099482324,
      1.1552505604339047,
      0.2725991037545865,
      1.2077474623176463,
      2.7184826982843413
    ],
    [
      0.48379787695831467,
      5.445932636588562,
      1.3066150075950418,
      3.386662050718098,
      0,
      0.6239154404312375,
      4.1553532664179915,
      2.3055660788008883,
      1.1447786992512448
    ],
    [
      5.958976142862371,
      7.223184305352639,
      2.6980151446281875,
      1.3011730227855425,
      2.8960213818805745,
      0,
      1.5548491312572903,
      3.8971034999220855,
      2.45247133531726
    ]
  ],
  "mean_pae": 2.386321141126963,
  "plddt_mean": 60.27391206412987
}