{
  "cpu_hours": 0.0057140118542858345,
  "gpu_hours": 0.0011552043493557916,
  "memory_gb_hours": 0.003334193547471356,
  "total_wall_time_seconds": 5,
  "cpu_efficiency_percent": 45.712094834286674,
  "memory_efficiency_percent": 60.01548385448441,
  "gpu_efficiency_percent": 83.17471315361699
}