{
  "plddt_per_residue": [
    95,
    95,
    44.57581377999398,
    88.73678986834231,
    78.304088574362,
    65.64801738594456,
    94.7067204142835,
    62.11001983270197,
    91.85363895670415,
    92.49899105252642,
    67.2368852930016,
    64.22175059130662,
    79.91258574816447,
    77.4008171938243,
    80.26026158222338,
    45.89818592062627,
    81.31178917512143,
    73.78177975190924,
    80.05947649168967,
    93.28470027313278
  ],
  "plddt_histogram": {
    "very_high": 6,
    "high": 8,
    "medium": 4,
    "low": 2
  },
  "pae_matrix": [
    [
      0.2670206041217209,
      0,
      0,
      3.169278182505294,
      3.2379573064350664,
      4.349181765372515,
      0.09126983907579111,
      5.620068739477929,
      1.7046405238721745,
      2.421908542600611,
      3.741062388895764,
      4.343425947251772,
      2.008628678021168,
      0.47526749077628994,
      0.8324489435671507,
      3.9655090862768825,
      4.164946456620209,
      5.677138545886298,
      4.72988661934744,
      0
    ],
    [
      2.117617834434223,
      2.105197165074204,
      0.8573206059356444,
      2.9098356759643615,
      0,
      1.802478021148824,
      2.1809706022225654,
      4.588059313841358,
      1.4671215454393707,
      2.442012519104799,
      2.795245675786459,
      3.490364505450069,
      4.36826377619144,
      2.3792696082339577,
      3.8344435984309193,
      3.918632653811758,
      1.7444546626828628,
      2.225870248543078,
      4.723677861845884,
      2.716635557317119
    ],
    [
      1.9949688339593665,
      1.2015750076227145,
      2.980578536882967,
      4.0984613872683475,
      4.678382580111563,
      2.4668972836643572,
      3.5582822630684676,
      3.6839437488094697,
      2.604380163747139,
      0.43297774587778903,
      3.209107521222265,
      3.21153693533104,
      0,
      4.618817861287386,
      3.7076521659205026,
      0.8645856155476865,
      1.68481341795791,
      2.175576022941981,
      2.911821677491886,
      3.3724069169751316
    ],
    [
      1.5948268808100923,
      0.7486253907990348,
      3.9603053934561885,
      0.42344994255322166,
      0.4365506647336552,
      0.4134051500103113,
      3.687145137684223,
      2.3705056409117393,
      4.900773844657589,
      1.8207600952705583,
      0.5601950186583953,
      0,
      0.522350420284617,
      0.926656747584141,
      3.943000621434881,
      6.026116547040628,
      0.34934566640682485,
      0.26177587307440353,
      7.1034128175560785,
      3.0339040411647744
    ],
    [
      3.698228184674144,
      4.922500645608084,
      5.919578336147083,
      1.1758238409978066,
      0.08809518322231646,
      3.6492791895905095,
      1.79167684264572,
      1.2378742863261074,
      4.5728057042495776,
      1.6421638433725059,
      0,
      1.1038442313154442,
      1.8269193628000822,
      3.713506318644729,
      3.4008352799972554,
      2.293364710469474,
      3.051499369666453,
      4.415779375020162,
      4.427909346170942,
      0.10709440682165994
    ],
    [
      1.4778096584474079,
      1.5597489551603718,
      6.175976370306554,
      1.4519861921704793,
      5.072728174209271,
      2.5091579923591705,
      1.28227677650016,
      4.959400419093737,
      1.0980837434731285,
      1.4832177834654785,
      5.566966430182094,
      1.699688758118536,
      6.41330749101628,
      1.5952916149952419,
      1.6322655378533564,
      4.892181779878042,
      4.0276597245682595,
      2.7090219976137084,
      1.5198481073858556,
      4.503356801437621
    ],
    [
      4.754104312353826,
      1.8966422920307675,
      0.6238683863243653,
      2.5024921520319436,
      4.638504494787824,
      1.0147769760893748,
      0.9858672675880924,
      0,
      2.5601441909811395,
      2.509582431273286,
      6.278183195263282,
      0,
      0.9847171382060667,
      5.514248652402017,
      0.660362436439367,
      0.5398007868858099,
      2.3911577845431684,
      4.263541028065246,
      1.599908104745358,
      3.858815475992477
    ],
    [
      1.972715521810298,
      3.6461148283754174,
      2.985908759571108,
      1.490310544170289,
      2.7177736955534413,
      0.448930959753874,
      3.5428623073592886,
      2.0491112881776057,
      2.3090253350920356,
      2.7408905156473553,
      2.087897427098891,
      4.700342744652841,
      2.9800298770430316,
      0,
      2.4854374939116015,
      3.0942644385320537,
      3.738267079725812,
      2.469656709284581,
      2.555286103904188,
      1.800598204663462
    ],
    [
      0.27367360655313666,
      5.0333361493827935,
      4.300247816408593,
      2.4769745532486103,
      2.0356969727485756,
      2.8082902577252753,
      3.230218126844777,
      3.034811518395921,
      2.594847929297312,
      2.4115611329190396,
      5.014938159989601,
      2.5528689360127963,
      1.2137089899882252,
      5.019271425247211,
      2.7961610407300963,
      0.653245884490945,
      0.08987043053850163,
      1.8991412516276265,
      1.066957024671567,
      3.407408985752139
    ],
    [
      3.8550613756460574,
      1.0725210247215828,
      0,
      5.731953042967705,
      3.4181660904203532,
      2.627348116477045,
      3.243026562939414,
      0,
      0.06243659590361017,
      0.8474797310974318,
      0.8729852185399045,
      1.3225514415410333,
      3.4483245787229224,
      1.6717826277753747,
      1.9021299557475975,
      1.753926716302691,
      5.891551184627645,
      4.412511464426645,
      0,
      5.36972642042287
    ],
    [
      1.8411654899049177,
      0,
      2.3046605626536008,
      0.6915256469852777,
      4.248604565243542,
      1.8538917849519245,
      2.9093483217460894,
      0,
      0,
      0.733536679259269,
      0.3073806020762744,
      3.954639801485014,
      3.9836009376448356,
      0,
      1.417311045418118,
      2.137846884078923,
      0.7087473384947021,
      2.8101754280153326,
      5.453333264251558,
      4.477341180715973
    ],
    [
      5.938940957181525,
      2.5668575882929137,
      5.106309735931721,
      3.133681802515045,
      3.6899899662640196,
      1.8588984212335598,
      1.2099561315827074,
      2.5177692168197776,
      1.8615306589345404,
      5.392943938660255,
      0.07998879992988628,
      2.7934646566909667,
      0.19153069353067687,
      1.56397198084718,
      1.2673695691005453,
      3.331159593793898,
      0.039409801109401066,
      3.508450676451692,
      2.0094344511076487,
      0
    ],
    [
      4.457376612241124,
      3.88192213853862,
      1.5620750444262597,
      5.561390131735518,
      2.778664238285253,
      3.4486937689405135,
      2.205309195355666,
      1.965043189779575,
      0,
      0,
      4.116595241152263,
      5.9663006151281195,
      4.192061565769019,
      1.2508842212646547,
      0.4260412021487294,
      2.8697114812718247,
      3.1654828821224714,
      2.1409085702944983,
      0.7519403243804479,
      1.4494104519580808
    ],
    [
      2.8033086894129613,
      4.591733593650224,
      5.285777654696484,
      4.639418857073412,
      3.662070220288289,
      1.1913868619498271,
      0.3709105798463217,
      0,
      3.5062068015706815,
      0.36151740817577305,
      1.1054122295980935,
      1.229892569941263,
      1.5584554773566275,
      0,
      3.140190857171625,
      2.777034041243531,
      1.3705886240904577,
      2.8403331583472875,
      2.6684540675503214,
      5.298217708998041
    ],
    [
      2.4983152896270617,
      2.733233074906728,
      4.766372502448072,
      0,
      0.9411098933320663,
      1.8554585345846055,
      1.7938772323093886,
      1.7627350020776626,
      2.002301226086458,
      2.095900258852469,
      0.5445669472093404,
      0.8136519118615142,
      0,
      0.07004885578668119,
      0.9503414860800894,
      1.2344911497319804,
      2.1512962963038547,
      3.0184048451092034,
      1.218825762186051,
