{
  "cpu_hours": 0.0008817927017256467,
  "gpu_hours": 0,
  "memory_gb_hours": 0.003828351516161101,
  "total_wall_time_seconds": 5,
  "cpu_efficiency_percent": 63.48907452424656,
  "memory_efficiency_percent": 68.91032729089982,
  "gpu_efficiency_percent": 0
}