{
  "cpu_hours": 0.0007742272973124038,
  "gpu_hours": 0,
  "memory_gb_hours": 0.003408596667529349,
  "total_wall_time_seconds": 5,
  "cpu_efficiency_percent": 55.74436540649307,
  "memory_efficiency_percent": 61.35474001552828,
  "gpu_efficiency_percent": 0
}