{
  "plddt_per_residue": [
    75.84714741191286,
    49.63108061463022,
    66.06819964940145,
    44.90688658798511,
    73.70119446765216,
    80.05964146126496,
    48.542227686068074,
    49.34960018645836,
    60.093644549641716
  ],
  "plddt_histogram": {
    "very_high": 0,
    "high": 3,
    "medium": 2,
    "low": 4
  },
  "pae_matrix": [
    [
      0,
      3.2186914763029963,
      2.354312824318657,
      0.6933334357840897,
      2.327851323801896,
      2.5724909975524866,
      1.4897418828992108,
      0.7982229303957107,
      6.582900320459032
    ],
    [
      0.6316205237377142,
      1.7630291520958377,
      1.0781232923312536,
      3.5941512420507715,
      1.9499934962911905,
      2.741737076547862,
      5.619054494959257,
      1.079226953146053,
      0
    ],
    [
      3.009990694789982,
      3.695951951028129,
      0.36377326762647955,
      0,
      0.40407427119482775,
      5.609847280027858,
      3.2975987125868382,
      2.0960876348393276,
      1.683434060161177
    ],
    [
      1.4701541917076244,
      1.3629544180497786,
      2.1512065973457473,
      0.3966927291611744,
      6.98398388397813,
      0.5511539400705787,
      2.3667125483379055,
      1.324573470816187,
      0.5466128177354916
    ],
    [
      5.007329111157995,
      1.8377671584501782,
      0,
      0,
      3.061935557906849,
      3.42951298783906,
      4.813272034991729,
      0,
      4.3221625800862515
    ],
    [
      0,
      3.644352035053485,
      0,
      0,
      3.218782778746359,
      5.372380084665727,
      0,
      1.9945669229958616,
      3.405026214233679
    ],
    [
      1.986036175247013,
      3.7794570349643184,
      0.8925260615956752,
      1.1448125348385614,
      2.626885015147235,
      3.432581885295365,
      1.2397446595436654,
      2.821587229960161,
      4.225241060861778
    ],
    [
      1.2323944234493622,
      5.017508613330696,
      4.093701263883369,
      1.8658501121391362,
      4.347598369581684,
      0.3818165798218056,
      4.52909894501888,
      3.146486634977295,
      3.154508315847746
    ],
    [
      1.3872634387149307,
      4.22181583211124,
      0.7028728497466619,
      1.6990668255365025,
      1.6208943025920977,
      3.4375220115943894,
      1.3935040731985446,
      0.9255726925827037,
      5.54442923177808
    ]
  ],
  "mean_pae": 2.3057672534767573,
  "plddt_mean": 60.91106917944611
}