{
  "plddt_per_residue": [
    95,
    75.06189960882288,
    63.97130741724928,
    41.85146783943476
  ],
  "plddt_histogram": {
    "very_high": 1,
    "high": 1,
    "medium": 1,
    "low": 1
  },
  "pae_matrix": [
    [
      0.10714522204226018,
      1.4488569110016454,
      2.1195295436161152,
      0
    ],
    [
      0,
      1.5472121810072714,
      4.352189928463112,
      2.792587590242666
    ],
    [
      4.767551594896437,
      0,
      5.71939129023811,
      0
    ],
    [
      0,
      1.8264372470954544,
      5.509198394650472,
      1.7055395900103474
    ]
  ],
  "mean_pae": 1.9934774683289933,
  "plddt_mean": 68.97116871637674
}