{
  "plddt_per_residue": [
    68.2110190539322,
    92.6602583468886,
    47.6122024321802,
    88.03140505215885
  ],
  "plddt_histogram": {
    "very_high": 1,
    "high": 1,
    "medium": 1,
    "low": 1
  },
  "pae_matrix": [
    [
      0,
      0.6549046109729344,
      0.7377757657626038,
      1.5976452688653129
    ],
    [
      5.175893548675053,
      3.517751598355339,
      0.5178421794163781,
      0.8212563118313658
    ],
    [
      3.72225113461549,
      0.35921773340913954,
      2.870002172697704,
      3.0596215315220014
    ],
    [
      0,
      1.2988859631513132,
      0.325855173242408,
      4.087884359441723
    ]
  ],
  "mean_pae": 1.7966742094974228,
  "plddt_mean": 74.12872122128996
}